date,clock_min,activity,task_type,difficulty,intrinsic,aversive,boredom,stress,energy,hunger,alertness,location,social,phone_in_reach,notif,deadline,open_tasks,slip,slip_channel,slip_minutes
2026-05-01,529,morning_routine,routine,2,4,2,1,3,4,2,2,home,alone,1,2,2,0,0,,0
2026-05-01,549,morning_routine,routine,2,4,2,1,3,4,2,3,home,alone,1,2,2,0,0,,0
2026-05-01,569,morning_routine,routine,2,4,2,1,3,4,3,2,home,alone,1,8,2,0,1,task_switch,3
2026-05-01,589,breakfast,meal,1,4,2,1,2,5,1,2,home,family,1,5,2,0,1,social,10
2026-05-01,609,commute,commute,1,1,3,2,3,5,1,3,transit,alone,1,3,2,0,1,mind_wandering,2
2026-05-01,629,commute,commute,1,1,3,2,3,5,1,3,transit,alone,1,2,2,0,1,phone,7
2026-05-01,650,deep_work,deep_work,4,4,3,2,4,4,1,3,office,alone,1,3,2,2,1,task_switch,4
2026-05-01,670,deep_work,deep_work,4,4,3,1,4,5,2,3,office,alone,1,2,2,2,1,task_switch,5
2026-05-01,690,deep_work,deep_work,4,4,3,2,4,4,2,4,office,alone,1,3,2,2,0,,5
2026-05-01,710,deep_work,deep_work,4,4,3,1,3,4,2,3,office,alone,1,3,2,2,1,phone,14
2026-05-01,730,short_break,break,1,4,1,1,4,5,2,3,office,colleagues,1,1,2,0,0,,11
2026-05-01,750,email_admin,admin,2,2,4,2,3,4,2,3,office,alone,1,5,2,2,1,phone,6
2026-05-01,770,meeting,meeting,3,2,3,1,4,4,2,3,office,colleagues,1,3,2,2,1,snack,8
2026-05-01,790,meeting,meeting,3,2,3,1,4,4,2,3,office,colleagues,1,1,2,2,1,mind_wandering,5
2026-05-01,810,meeting,meeting,3,2,3,1,5,4,2,3,office,colleagues,1,6,2,2,1,mind_wandering,4
2026-05-01,830,deep_work,deep_work,5,4,3,1,4,4,2,4,office,alone,1,2,2,2,1,mind_wandering,17
2026-05-01,850,deep_work,deep_work,5,4,3,1,5,4,1,4,office,alone,1,3,2,2,1,mind_wandering,6
2026-05-01,870,deep_work,deep_work,5,4,3,1,4,3,2,4,office,alone,1,1,2,2,1,phone,5
2026-05-01,890,deep_work,deep_work,5,4,3,1,3,3,2,3,office,alone,1,2,2,2,1,mind_wandering,4
2026-05-01,910,deep_work,deep_work,5,4,3,1,5,3,2,3,office,alone,1,2,2,2,1,phone,6
2026-05-01,930,deep_work,deep_work,5,4,3,1,5,3,2,3,office,alone,1,4,2,2,0,,0
2026-05-01,950,lunch,meal,2,4,1,1,3,3,1,3,cafe,colleagues,1,4,2,0,0,,0
2026-05-01,970,lunch,meal,2,4,1,1,4,5,1,3,cafe,colleagues,1,1,2,0,1,social,4
2026-05-01,990,meeting,meeting,3,3,3,1,3,4,1,4,office,colleagues,1,5,2,2,0,,6
2026-05-01,1010,meeting,meeting,3,3,3,1,4,3,1,4,office,colleagues,1,1,2,2,1,phone,12
2026-05-01,1030,deep_work,deep_work,4,4,3,1,3,4,1,4,office,alone,1,1,2,2,1,phone,9
2026-05-01,1050,deep_work,deep_work,4,4,3,1,3,4,1,3,office,alone,1,5,2,2,1,mind_wandering,3
2026-05-01,1070,deep_work,deep_work,4,4,3,1,3,4,1,4,office,alone,1,4,2,2,1,task_switch,7
2026-05-01,1090,short_break,break,2,3,1,1,3,3,1,3,office,colleagues,1,0,2,0,0,,0
2026-05-01,1109,email_admin,admin,2,2,4,2,3,3,2,3,office,alone,1,2,2,2,1,phone,8
2026-05-01,1130,commute,commute,1,2,3,2,3,3,1,3,transit,alone,1,3,2,0,1,phone,16
2026-05-01,1150,commute,commute,1,2,3,1,2,4,2,3,transit,alone,1,1,2,0,0,,8
2026-05-01,1170,exercise,exercise,3,4,2,1,3,3,1,3,gym,alone,1,0,2,0,1,mind_wandering,1
2026-05-01,1190,exercise,exercise,3,4,2,1,2,3,3,3,gym,alone,1,3,2,0,1,mind_wandering,10
2026-05-01,1210,dinner,meal,1,4,2,1,2,3,1,3,home,family,1,1,2,0,0,,0
2026-05-01,1230,dinner,meal,1,4,2,2,3,4,1,2,home,family,1,0,2,0,0,,0
2026-05-01,1250,leisure,leisure,2,5,1,1,2,5,1,3,home,alone,1,1,2,0,0,,0
2026-05-01,1270,leisure,leisure,2,5,1,1,3,4,1,2,home,alone,1,3,2,0,0,,0
2026-05-01,1290,social,social,2,4,2,1,3,5,2,2,home,friends,1,3,2,0,1,mind_wandering,5
2026-05-01,1310,social,social,2,4,2,1,2,5,1,2,home,friends,1,0,2,0,1,mind_wandering,2
2026-05-01,1330,social,social,2,4,2,1,3,5,2,2,home,friends,1,1,2,0,0,,0
2026-05-01,1350,wind_down,wind_down,1,4,1,1,3,5,1,2,home,family,1,0,2,0,1,social,6
2026-05-01,1370,wind_down,wind_down,1,4,1,1,4,5,2,2,home,family,1,1,2,0,0,,4
2026-05-02,499,morning_routine,routine,2,3,2,2,4,4,2,2,home,alone,1,2,5,0,0,,0
2026-05-02,519,morning_routine,routine,2,3,2,1,5,4,2,2,home,alone,1,0,5,0,1,mind_wandering,2
2026-05-02,539,breakfast,meal,1,3,1,1,5,4,1,2,home,family,1,2,5,0,0,,0
2026-05-02,559,commute,commute,2,2,3,1,4,5,1,2,transit,alone,1,3,5,0,1,snack,5
2026-05-02,579,commute,commute,2,2,3,2,5,5,1,3,transit,alone,1,2,5,0,1,task_switch,11
2026-05-02,599,deep_work,deep_work,5,3,4,1,5,5,1,3,office,alone,0,3,5,5,0,,3
2026-05-02,619,deep_work,deep_work,5,3,4,1,5,5,2,3,office,alone,0,2,5,5,1,mind_wandering,2
2026-05-02,639,deep_work,deep_work,5,3,4,1,5,5,2,2,office,alone,0,3,5,5,1,mind_wandering,5
2026-05-02,659,deep_work,deep_work,5,3,4,1,5,4,2,3,office,alone,0,4,5,5,1,task_switch,3
2026-05-02,679,deep_work,deep_work,5,3,4,1,5,5,2,2,office,alone,0,2,5,5,0,,4
2026-05-02,699,deep_work,deep_work,5,3,4,2,5,5,2,2,office,alone,0,5,5,5,1,task_switch,10
2026-05-02,720,email_admin,admin,2,2,5,1,5,4,2,3,office,alone,1,5,5,5,1,phone,13
2026-05-02,740,meeting,meeting,4,3,4,2,5,4,1,3,office,colleagues,1,2,5,5,1,phone,6
2026-05-02,760,meeting,meeting,4,3,4,1,5,3,2,3,office,colleagues,1,4,5,5,1,task_switch,9
2026-05-02,780,meeting,meeting,4,3,4,1,4,4,3,2,office,colleagues,1,3,5,5,1,task_switch,5
2026-05-02,800,deep_work,deep_work,5,4,4,1,5,4,2,3,office,alone,1,5,5,5,1,mind_wandering,16
2026-05-02,820,deep_work,deep_work,5,4,4,1,5,3,3,3,office,alone,1,5,5,5,1,mind_wandering,8
2026-05-02,840,deep_work,deep_work,5,4,4,1,5,3,3,4,office,alone,1,2,5,5,1,mind_wandering,12
2026-05-02,860,deep_work,deep_work,5,4,4,1,4,4,3,3,office,alone,1,7,5,5,1,task_switch,8
2026-05-02,879,lunch,meal,1,3,1,1,4,3,2,4,cafe,colleagues,1,3,5,0,1,task_switch,9
2026-05-02,899,lunch,meal,1,3,1,1,4,3,1,4,cafe,colleagues,1,3,5,0,1,mind_wandering,8
2026-05-02,919,meeting,meeting,3,2,4,1,3,3,1,4,office,colleagues,1,0,5,5,1,task_switch,6
2026-05-02,939,meeting,meeting,3,2,4,2,4,3,1,4,office,colleagues,1,4,5,5,1,phone,8
2026-05-02,959,deep_work,deep_work,5,3,3,1,5,4,1,3,office,alone,1,6,5,5,1,task_switch,10
2026-05-02,979,deep_work,deep_work,5,3,3,1,4,3,1,3,office,alone,1,2,5,5,1,task_switch,2
2026-05-02,999,deep_work,deep_work,5,3,3,1,5,4,2,4,office,alone,1,3,5,5,1,mind_wandering,9
2026-05-02,1019,deep_work,deep_work,5,3,3,2,5,3,2,3,office,alone,1,1,5,5,1,phone,5
2026-05-02,1039,deep_work,deep_work,5,3,3,1,4,3,2,3,office,alone,1,2,5,5,1,phone,10
2026-05-02,1059,short_break,break,1,3,1,1,5,2,2,3,office,colleagues,1,2,5,0,1,task_switch,12
2026-05-02,1079,email_admin,admin,3,2,5,1,4,2,2,3,office,alone,1,1,5,5,1,task_switch,12
2026-05-02,1099,email_admin,admin,3,2,5,1,3,2,3,4,office,alone,1,3,5,5,1,mind_wandering,4
2026-05-02,1119,commute,commute,2,1,3,1,4,2,2,3,transit,alone,1,3,5,0,1,task_switch,8
2026-05-02,1139,exercise,exercise,3,4,2,2,5,3,2,3,gym,alone,1,1,5,0,1,phone,9
2026-05-02,1159,exercise,exercise,3,4,2,1,5,3,2,3,gym,alone,1,0,5,0,1,mind_wandering,3
2026-05-02,1179,exercise,exercise,3,4,2,1,5,2,3,3,gym,alone,1,2,5,0,0,,0
2026-05-02,1199,dinner,meal,1,4,1,1,5,3,1,3,home,family,1,3,5,0,1,task_switch,0
2026-05-02,1219,dinner,meal,1,4,1,1,5,4,1,3,home,family,1,1,5,0,0,,7
2026-05-02,1239,leisure,leisure,2,5,1,1,4,4,1,2,home,alone,1,0,5,0,1,social,0
2026-05-02,1259,leisure,leisure,2,5,1,2,5,4,1,2,home,alone,1,1,5,0,0,,7
2026-05-02,1279,leisure,leisure,2,5,1,1,4,4,1,3,home,alone,1,2,5,0,1,social,5
2026-05-02,1299,social,social,2,4,2,1,3,4,1,2,home,friends,1,0,5,0,1,social,4
2026-05-02,1319,social,social,2,4,2,1,4,4,1,2,home,friends,1,0,5,0,0,,9
2026-05-02,1339,social,social,2,4,2,1,4,5,2,2,home,friends,1,1,5,0,1,snack,0
2026-05-02,1359,wind_down,wind_down,1,4,2,1,4,5,1,2,home,family,1,0,5,0,1,mind_wandering,7
2026-05-02,1379,wind_down,wind_down,1,4,2,1,4,5,2,1,home,family,1,1,5,0,0,,0
2026-05-03,510,morning_routine,routine,2,2,2,1,3,4,2,2,home,alone,1,6,2,0,1,phone,10
2026-05-03,530,morning_routine,routine,2,2,2,1,2,4,2,3,home,alone,1,0,2,0,1,snack,4
2026-05-03,550,breakfast,meal,2,4,2,1,4,5,1,3,home,family,1,10,2,0,0,,0
2026-05-03,570,commute,commute,2,2,3,2,4,5,1,2,transit,alone,1,0,2,0,1,mind_wandering,6
2026-05-03,590,commute,commute,2,2,3,2,3,5,1,2,transit,alone,1,5,2,0,1,task_switch,4
2026-05-03,611,deep_work,deep_work,4,3,3,1,3,5,1,3,office,alone,1,2,2,2,0,,5
2026-05-03,631,deep_work,deep_work,4,3,3,2,3,4,1,4,office,alone,1,3,2,2,1,task_switch,9
2026-05-03,651,deep_work,deep_work,4,3,3,1,3,5,2,3,office,alone,1,3,2,2,1,mind_wandering,8
2026-05-03,671,deep_work,deep_work,4,3,3,2,4,5,2,3,office,alone,1,3,2,2,1,task_switch,10
2026-05-03,691,deep_work,deep_work,4,3,3,2,4,4,2,3,office,alone,1,5,2,2,1,mind_wandering,7
2026-05-03,710,email_admin,admin,2,1,5,1,3,4,2,2,office,alone,1,0,2,2,1,social,11
2026-05-03,730,email_admin,admin,2,1,5,1,3,4,2,3,office,alone,1,3,2,2,1,phone,8
2026-05-03,750,meeting,meeting,3,3,3,1,3,4,2,3,office,colleagues,1,4,2,2,1,phone,8
2026-05-03,770,meeting,meeting,3,3,3,1,3,3,1,4,office,colleagues,1,2,2,2,1,mind_wandering,7
2026-05-03,789,deep_work,deep_work,5,4,3,1,4,4,3,3,office,alone,1,3,2,2,1,mind_wandering,6
2026-05-03,809,deep_work,deep_work,5,4,3,2,3,4,3,4,office,alone,1,2,2,2,1,task_switch,4
2026-05-03,829,deep_work,deep_work,5,4,3,1,3,4,3,4,office,alone,1,4,2,2,1,phone,13
2026-05-03,849,deep_work,deep_work,5,4,3,1,4,3,2,4,office,alone,1,2,2,2,1,phone,12
2026-05-03,869,lunch,meal,2,3,1,1,3,3,2,4,cafe,colleagues,1,4,2,0,0,,3
2026-05-03,889,lunch,meal,2,3,1,1,4,3,1,3,cafe,colleagues,1,4,2,0,1,social,5
2026-05-03,910,meeting,meeting,3,2,3,1,3,4,2,4,office,colleagues,1,5,2,2,1,phone,13
2026-05-03,930,meeting,meeting,3,2,3,2,3,4,2,4,office,colleagues,1,0,2,2,1,mind_wandering,5
2026-05-03,950,meeting,meeting,3,2,3,1,4,3,1,4,office,colleagues,1,2,2,2,1,social,6
2026-05-03,970,deep_work,deep_work,4,3,3,1,3,4,1,4,office,alone,1,5,2,2,1,social,10
2026-05-03,990,deep_work,deep_work,4,3,3,1,4,3,1,4,office,alone,1,0,2,2,1,task_switch,19
2026-05-03,1010,deep_work,deep_work,4,3,3,1,4,3,2,3,office,alone,1,5,2,2,1,mind_wandering,4
2026-05-03,1030,deep_work,deep_work,4,3,3,1,3,4,2,3,office,alone,1,4,2,2,1,phone,8
2026-05-03,1050,deep_work,deep_work,4,3,3,1,4,3,1,4,office,alone,1,3,2,2,1,mind_wandering,9
2026-05-03,1070,short_break,break,1,3,1,1,3,3,2,3,office,colleagues,1,1,2,0,1,mind_wandering,6
2026-05-03,1089,email_admin,admin,2,1,4,1,4,3,2,3,office,alone,0,5,2,2,1,mind_wandering,11
2026-05-03,1109,commute,commute,1,2,3,2,3,2,3,3,transit,alone,1,3,2,0,1,phone,6
2026-05-03,1129,commute,commute,1,2,3,1,2,3,2,4,transit,alone,1,2,2,0,1,mind_wandering,11
2026-05-03,1150,exercise,exercise,3,4,2,1,2,3,3,3,gym,alone,1,2,2,0,1,social,11
2026-05-03,1170,exercise,exercise,3,4,2,1,3,3,2,3,gym,alone,1,2,2,0,1,snack,13
2026-05-03,1190,dinner,meal,2,3,1,1,3,3,1,3,home,family,1,1,2,0,1,mind_wandering,6
2026-05-03,1210,dinner,meal,2,3,1,1,2,4,1,3,home,family,1,1,2,0,0,,3
2026-05-03,1230,dinner,meal,2,3,1,1,2,4,1,2,home,family,1,1,2,0,0,,0
2026-05-03,1249,leisure,leisure,1,4,1,1,3,5,1,2,home,alone,1,0,2,0,0,,0
2026-05-03,1269,leisure,leisure,1,4,1,1,2,5,2,2,home,alone,1,2,2,0,1,phone,4
2026-05-03,1289,leisure,leisure,1,4,1,2,2,5,1,2,home,alone,1,1,2,0,0,,0
2026-05-03,1310,social,social,2,4,2,2,3,5,1,2,home,friends,1,2,2,0,0,,0
2026-05-03,1330,social,social,2,4,2,1,2,5,1,2,home,friends,1,0,2,0,0,,0
2026-05-03,1350,social,social,2,4,2,1,2,5,1,1,home,friends,1,0,2,0,0,,0
2026-05-03,1370,wind_down,wind_down,1,3,2,1,2,5,2,2,home,family,1,0,2,0,0,,0
2026-05-03,1390,leisure,leisure,1,4,1,1,2,5,2,1,home,alone,1,1,2,0,1,mind_wandering,8
2026-05-03,1410,leisure,leisure,1,4,1,1,3,5,2,1,home,alone,1,0,2,0,0,,0
2026-05-04,517,morning_routine,routine,2,3,2,1,3,4,2,2,home,alone,1,1,2,0,1,task_switch,5
2026-05-04,537,morning_routine,routine,2,3,2,1,3,4,2,2,home,alone,1,2,2,0,0,,0
2026-05-04,557,breakfast,meal,1,3,1,1,3,5,1,2,home,family,1,3,2,0,0,,0
2026-05-04,577,commute,commute,1,2,3,1,3,5,2,2,transit,alone,1,3,2,0,1,phone,13
2026-05-04,597,commute,commute,1,2,3,1,3,5,1,2,transit,alone,1,2,2,0,0,,0
2026-05-04,616,deep_work,deep_work,4,4,3,1,3,5,2,3,office,alone,1,5,2,2,1,phone,13
2026-05-04,636,deep_work,deep_work,4,4,3,1,4,5,2,4,office,alone,1,4,2,2,1,social,7
2026-05-04,656,deep_work,deep_work,4,4,3,1,3,4,1,3,office,alone,1,4,2,2,1,mind_wandering,2
2026-05-04,676,short_break,break,1,3,2,1,2,4,2,3,office,colleagues,1,5,2,0,0,,0
2026-05-04,697,email_admin,admin,2,1,4,2,4,4,1,3,office,alone,0,2,2,2,1,mind_wandering,5
2026-05-04,717,meeting,meeting,3,3,3,2,4,4,2,3,office,colleagues,1,3,2,2,1,mind_wandering,7
2026-05-04,737,meeting,meeting,3,3,3,2,4,4,2,3,office,colleagues,1,4,2,2,1,task_switch,6
2026-05-04,756,deep_work,deep_work,4,3,3,1,3,3,2,3,office,alone,1,2,2,2,1,social,11
2026-05-04,776,deep_work,deep_work,4,3,3,1,4,4,2,3,office,alone,1,4,2,2,1,task_switch,18
2026-05-04,796,deep_work,deep_work,4,3,3,1,4,4,2,2,office,alone,1,1,2,2,1,mind_wandering,4
2026-05-04,817,lunch,meal,1,4,1,1,4,4,1,4,cafe,colleagues,1,4,2,0,1,phone,7
2026-05-04,837,lunch,meal,1,4,1,1,3,4,1,3,cafe,colleagues,1,7,2,0,1,mind_wandering,5
2026-05-04,856,meeting,meeting,3,2,3,1,3,4,1,2,office,colleagues,1,1,2,2,1,social,6
2026-05-04,876,meeting,meeting,3,2,3,1,4,4,1,4,office,colleagues,1,2,2,2,1,mind_wandering,8
2026-05-04,896,deep_work,deep_work,5,3,3,1,4,5,2,3,office,alone,1,3,2,2,1,mind_wandering,3
2026-05-04,916,deep_work,deep_work,5,3,3,1,3,4,1,3,office,alone,1,2,2,2,1,mind_wandering,9
2026-05-04,936,deep_work,deep_work,5,3,3,1,3,4,2,3,office,alone,1,2,2,2,1,mind_wandering,6
2026-05-04,956,deep_work,deep_work,5,3,3,1,4,4,2,3,office,alone,1,1,2,2,1,mind_wandering,12
2026-05-04,976,deep_work,deep_work,5,3,3,1,5,4,1,3,office,alone,1,6,2,2,0,,0
2026-05-04,996,email_admin,admin,2,2,4,2,3,4,2,3,office,alone,1,5,2,2,1,mind_wandering,6
2026-05-04,1016,email_admin,admin,2,2,4,1,3,4,2,3,office,alone,1,3,2,2,1,phone,8
2026-05-04,1036,commute,commute,1,2,3,2,3,4,2,3,transit,alone,1,1,2,0,1,phone,16
2026-05-04,1056,exercise,exercise,3,4,2,1,3,4,2,3,gym,alone,1,3,2,0,0,,0
2026-05-04,1076,exercise,exercise,3,4,2,1,3,5,2,3,gym,alone,1,7,2,0,1,phone,6
2026-05-04,1096,exercise,exercise,3,4,2,1,3,5,2,4,gym,alone,1,1,2,0,1,snack,2
2026-05-04,1117,dinner,meal,1,4,1,1,3,4,1,3,home,family,1,2,2,0,0,,2
2026-05-04,1137,dinner,meal,1,4,1,1,2,4,1,3,home,family,1,1,2,0,0,,0
2026-05-04,1156,leisure,leisure,2,4,1,1,3,4,1,3,home,alone,1,0,2,0,0,,0
2026-05-04,1176,leisure,leisure,2,4,1,1,2,5,2,3,home,alone,1,3,2,0,0,,0
2026-05-04,1196,leisure,leisure,2,4,1,1,2,5,2,3,home,alone,1,0,2,0,1,social,7
2026-05-04,1216,social,social,2,4,2,1,2,5,1,3,home,friends,1,0,2,0,1,task_switch,5
2026-05-04,1236,social,social,2,4,2,1,3,5,2,3,home,friends,1,0,2,0,0,,7
2026-05-04,1256,social,social,2,4,2,1,3,5,1,2,home,friends,1,2,2,0,1,phone,4
2026-05-04,1276,wind_down,wind_down,1,5,1,1,3,5,2,2,home,family,1,1,2,0,0,,10
2026-05-04,1296,wind_down,wind_down,1,5,1,1,2,5,2,3,home,family,1,1,2,0,1,social,4
2026-05-04,1316,wind_down,wind_down,1,5,1,1,3,5,2,2,home,family,1,0,2,0,1,snack,3
2026-05-04,1336,leisure,leisure,1,4,1,1,2,5,1,2,home,alone,1,0,2,0,0,,0
2026-05-04,1356,leisure,leisure,1,4,1,1,2,5,2,2,home,alone,1,1,2,0,0,,0
2026-05-04,1376,leisure,leisure,1,4,1,1,2,5,2,2,home,alone,1,0,2,0,0,,0
2026-05-04,1396,leisure,leisure,1,4,1,1,3,5,2,2,home,alone,1,0,2,0,0,,0
2026-05-05,510,morning_routine,routine,2,3,3,2,3,5,2,2,home,alone,1,1,2,0,0,,0
2026-05-05,530,morning_routine,routine,2,3,3,1,3,4,3,2,home,alone,1,4,2,0,0,,0
2026-05-05,549,breakfast,meal,1,3,2,1,3,4,2,3,home,family,1,2,2,0,1,phone,4
2026-05-05,569,commute,commute,1,2,3,1,3,5,1,3,transit,alone,1,2,2,0,1,phone,7
2026-05-05,589,commute,commute,1,2,3,2,2,5,1,2,transit,alone,1,2,2,0,0,,5
2026-05-05,609,deep_work,deep_work,4,3,2,2,4,5,1,3,office,alone,1,1,2,2,1,social,3
2026-05-05,629,deep_work,deep_work,4,3,2,2,4,4,2,3,office,alone,1,6,2,2,0,,3
2026-05-05,649,deep_work,deep_work,4,3,2,2,3,5,2,3,office,alone,1,2,2,2,1,task_switch,5
2026-05-05,669,deep_work,deep_work,4,3,2,2,4,4,2,3,office,alone,1,2,2,2,1,phone,1
2026-05-05,689,deep_work,deep_work,4,3,2,2,4,4,2,3,office,alone,1,1,2,2,0,,5
2026-05-05,709,deep_work,deep_work,4,3,2,2,4,4,2,4,office,alone,1,2,2,2,1,social,16
2026-05-05,729,email_admin,admin,2,2,4,2,4,5,2,3,office,alone,1,4,2,2,1,task_switch,9
2026-05-05,749,email_admin,admin,2,2,4,1,3,4,2,3,office,alone,1,1,2,2,0,,4
2026-05-05,768,meeting,meeting,3,3,3,1,3,4,2,3,office,colleagues,1,2,2,2,1,social,5
2026-05-05,788,meeting,meeting,3,3,3,2,3,4,2,3,office,colleagues,1,0,2,2,1,mind_wandering,5
2026-05-05,808,deep_work,deep_work,4,3,3,1,4,3,3,3,office,alone,1,0,2,2,1,mind_wandering,17
2026-05-05,828,deep_work,deep_work,4,3,3,1,4,3,2,3,office,alone,1,0,2,2,1,mind_wandering,5
2026-05-05,848,deep_work,deep_work,4,3,3,1,4,3,2,4,office,alone,1,1,2,2,1,task_switch,11
2026-05-05,868,deep_work,deep_work,4,3,3,1,5,3,2,3,office,alone,1,1,2,2,1,task_switch,12
2026-05-05,888,lunch,meal,1,3,1,1,4,3,3,3,cafe,colleagues,1,4,2,0,1,snack,13
2026-05-05,908,lunch,meal,1,3,1,1,3,4,1,3,cafe,colleagues,1,7,2,0,1,phone,7
2026-05-05,928,lunch,meal,1,3,1,1,3,4,2,3,cafe,colleagues,1,5,2,0,0,,0
2026-05-05,948,meeting,meeting,3,2,3,2,4,4,1,4,office,colleagues,0,2,2,2,1,social,10
2026-05-05,968,deep_work,deep_work,4,3,3,1,4,4,1,3,office,alone,1,3,2,2,1,social,16
2026-05-05,988,deep_work,deep_work,4,3,3,1,4,4,1,3,office,alone,1,5,2,2,1,mind_wandering,3
2026-05-05,1008,deep_work,deep_work,4,3,3,2,4,4,1,3,office,alone,1,4,2,2,1,phone,8
2026-05-05,1028,deep_work,deep_work,4,3,3,1,3,3,2,3,office,alone,1,1,2,2,1,phone,6
2026-05-05,1048,short_break,break,2,3,1,1,4,4,2,4,office,colleagues,1,3,2,0,1,mind_wandering,5
2026-05-05,1068,email_admin,admin,2,2,4,1,4,3,2,3,office,alone,1,3,2,2,1,task_switch,15
2026-05-05,1088,email_admin,admin,2,2,4,1,4,3,2,3,office,alone,1,0,2,2,1,social,6
2026-05-05,1108,commute,commute,2,1,3,2,3,4,2,3,transit,alone,1,4,2,0,1,snack,10
2026-05-05,1128,commute,commute,2,1,3,2,2,3,2,3,transit,alone,1,4,2,0,1,task_switch,11
2026-05-05,1148,exercise,exercise,3,4,2,2,3,3,2,4,gym,alone,1,3,2,0,1,mind_wandering,3
2026-05-05,1168,exercise,exercise,3,4,2,1,3,4,2,3,gym,alone,1,1,2,0,0,,0
2026-05-05,1187,dinner,meal,1,4,2,1,3,4,1,3,home,family,1,1,2,0,1,task_switch,7
2026-05-05,1207,dinner,meal,1,4,2,1,3,4,1,2,home,family,1,1,2,0,1,mind_wandering,9
2026-05-05,1228,leisure,leisure,2,4,1,1,3,5,1,3,home,alone,1,1,2,0,1,phone,4
2026-05-05,1248,leisure,leisure,2,4,1,1,3,5,2,3,home,alone,1,0,2,0,1,task_switch,14
2026-05-05,1268,leisure,leisure,2,4,1,1,3,4,1,3,home,alone,1,2,2,0,1,task_switch,10
2026-05-05,1288,social,social,2,5,1,1,3,5,2,1,home,friends,1,0,2,0,0,,2
2026-05-05,1308,social,social,2,5,1,2,3,5,2,3,home,friends,1,0,2,0,0,,0
2026-05-05,1328,social,social,2,5,1,1,2,5,1,2,home,friends,1,0,2,0,0,,0
2026-05-05,1348,social,social,2,5,1,1,4,5,2,2,home,friends,1,3,2,0,0,,0
2026-05-05,1368,wind_down,wind_down,2,4,1,2,3,5,2,1,home,family,1,0,2,0,1,social,4
2026-05-05,1388,wind_down,wind_down,2,4,1,1,2,5,2,2,home,family,1,2,2,0,1,social,11
2026-05-05,1407,leisure,leisure,1,4,1,1,3,5,2,2,home,alone,1,1,2,0,0,,0
2026-05-05,1427,leisure,leisure,1,4,1,1,2,5,3,2,home,alone,1,0,2,0,1,phone,7
2026-05-06,545,morning_routine,routine,2,3,2,1,3,4,3,3,home,alone,1,5,2,0,0,,0
2026-05-06,565,morning_routine,routine,2,3,2,1,3,5,3,3,home,alone,1,1,2,0,1,phone,6
2026-05-06,585,breakfast,meal,1,3,1,1,3,5,2,3,home,family,1,2,2,0,0,,0
2026-05-06,604,leisure,leisure,2,4,2,1,3,5,1,2,home,alone,1,3,2,0,1,mind_wandering,1
2026-05-06,624,leisure,leisure,2,4,2,1,3,5,1,3,home,alone,1,0,2,0,0,,0
2026-05-06,644,leisure,leisure,2,4,2,1,3,4,1,3,home,alone,1,2,2,0,1,phone,3
2026-05-06,664,leisure,leisure,2,4,2,1,3,5,2,3,home,alone,1,3,2,0,0,,3
2026-05-06,684,errands,errands,2,2,3,2,3,4,2,3,outdoors,alone,1,1,2,0,1,phone,8
2026-05-06,704,errands,errands,2,2,3,1,3,5,2,3,outdoors,alone,1,5,2,0,1,task_switch,3
2026-05-06,724,exercise,exercise,3,4,3,1,3,5,2,4,gym,alone,1,2,2,0,0,,5
2026-05-06,744,exercise,exercise,3,4,3,1,3,5,2,3,gym,alone,1,3,2,0,0,,0
2026-05-06,764,exercise,exercise,3,4,3,1,3,5,2,3,gym,alone,1,3,2,0,1,mind_wandering,2
2026-05-06,784,lunch,meal,1,3,2,1,3,5,1,3,cafe,colleagues,1,3,2,0,0,,0
2026-05-06,805,chores,chores,1,1,4,2,3,5,1,3,home,alone,1,3,2,0,1,mind_wandering,6
2026-05-06,825,chores,chores,1,1,4,2,2,4,1,4,home,alone,1,1,2,0,1,mind_wandering,5
2026-05-06,845,chores,chores,1,1,4,2,2,5,2,3,home,alone,1,4,2,0,0,,0
2026-05-06,865,leisure,leisure,2,4,1,1,3,5,1,3,home,alone,1,2,2,0,0,,0
2026-05-06,885,social,social,1,4,2,1,3,5,2,3,home,friends,1,7,2,0,0,,0
2026-05-06,905,social,social,1,4,2,1,3,5,2,3,home,friends,1,5,2,0,0,,0
2026-05-06,925,social,social,1,4,2,1,2,5,1,3,home,friends,1,4,2,0,0,,0
2026-05-06,945,dinner,meal,1,4,2,1,2,5,1,3,home,family,1,4,2,0,1,mind_wandering,4
2026-05-06,965,dinner,meal,1,4,2,1,2,5,1,4,home,family,1,2,2,0,0,,0
2026-05-06,985,leisure,leisure,1,5,2,1,2,5,2,3,home,alone,1,4,2,0,1,task_switch,1
2026-05-06,1005,leisure,leisure,1,5,2,1,3,5,1,3,home,alone,1,4,2,0,1,snack,14
2026-05-06,1025,leisure,leisure,1,5,2,1,2,5,1,2,home,alone,1,4,2,0,0,,0
2026-05-06,1045,wind_down,wind_down,2,3,2,1,2,5,1,3,home,family,1,7,2,0,1,mind_wandering,1
2026-05-06,1065,wind_down,wind_down,2,3,2,1,2,5,1,3,home,family,1,4,2,0,0,,1
2026-05-06,1085,leisure,leisure,1,4,1,1,2,5,1,4,home,alone,1,2,2,0,0,,0
2026-05-06,1105,leisure,leisure,1,4,1,1,2,5,2,4,home,alone,1,0,2,0,1,mind_wandering,2
2026-05-06,1125,leisure,leisure,1,4,1,1,3,5,2,3,home,alone,1,0,2,0,0,,0
2026-05-06,1145,leisure,leisure,1,4,1,1,3,4,1,2,home,alone,1,2,2,0,1,task_switch,6
2026-05-06,1165,leisure,leisure,1,4,1,1,3,5,2,3,home,alone,1,0,2,0,0,,0
2026-05-06,1185,leisure,leisure,1,4,1,1,2,5,1,2,home,alone,1,1,2,0,0,,0
2026-05-06,1205,leisure,leisure,1,4,1,1,3,5,2,3,home,alone,1,1,2,0,1,phone,3
2026-05-06,1225,leisure,leisure,1,4,1,2,4,5,2,3,home,alone,1,3,2,0,1,snack,7
2026-05-06,1245,leisure,leisure,1,4,1,1,3,5,2,2,home,alone,1,0,2,0,0,,0
2026-05-06,1265,leisure,leisure,1,4,1,1,3,5,3,3,home,alone,1,2,2,0,1,phone,8
2026-05-06,1285,leisure,leisure,1,4,1,1,3,5,2,2,home,alone,1,1,2,0,0,,0
2026-05-06,1305,leisure,leisure,1,4,1,1,3,5,2,2,home,alone,1,0,2,0,0,,0
2026-05-06,1325,leisure,leisure,1,4,1,2,3,5,3,2,home,alone,1,0,2,0,0,,0
2026-05-06,1345,leisure,leisure,1,4,1,1,3,5,3,2,home,alone,1,0,2,0,0,,0
2026-05-06,1365,leisure,leisure,1,4,1,1,4,5,3,2,home,alone,1,0,2,0,0,,0
2026-05-06,1385,leisure,leisure,1,4,1,1,3,5,3,2,home,alone,1,0,2,0,0,,0
2026-05-06,1405,leisure,leisure,1,4,1,1,3,5,2,2,home,alone,1,1,2,0,0,,0
2026-05-07,546,morning_routine,routine,2,2,2,1,3,4,2,3,home,alone,1,5,2,0,1,mind_wandering,4
2026-05-07,566,morning_routine,routine,2,2,2,1,2,5,2,3,home,alone,1,1,2,0,0,,20
2026-05-07,586,breakfast,meal,1,3,2,1,3,5,2,2,home,family,1,4,2,0,0,,0
2026-05-07,605,leisure,leisure,1,5,1,1,2,5,1,2,home,alone,1,2,2,0,1,phone,2
2026-05-07,625,leisure,leisure,1,5,1,2,3,5,1,2,home,alone,1,1,2,0,1,snack,6
2026-05-07,645,errands,errands,2,2,3,1,4,5,1,3,outdoors,alone,1,6,2,0,1,phone,11
2026-05-07,665,errands,errands,2,2,3,2,3,4,1,3,outdoors,alone,1,8,2,0,1,phone,9
2026-05-07,685,errands,errands,2,2,3,1,3,5,1,3,outdoors,alone,1,3,2,0,1,phone,5
2026-05-07,705,exercise,exercise,3,3,3,1,4,5,1,4,gym,alone,1,1,2,0,0,,0
2026-05-07,725,exercise,exercise,3,3,3,1,4,5,2,3,gym,alone,1,7,2,0,1,mind_wandering,3
2026-05-07,745,lunch,meal,1,4,1,2,3,5,1,3,cafe,colleagues,1,1,2,0,0,,0
2026-05-07,765,lunch,meal,1,4,1,1,3,5,1,3,cafe,colleagues,1,1,2,0,0,,0
2026-05-07,785,chores,chores,2,2,3,1,2,4,1,3,home,alone,1,1,2,0,1,task_switch,3
2026-05-07,805,chores,chores,2,2,3,1,2,5,2,3,home,alone,1,4,2,0,1,phone,8
2026-05-07,825,chores,chores,2,2,3,2,2,5,1,4,home,alone,1,1,2,0,0,,7
2026-05-07,845,leisure,leisure,2,5,1,1,3,5,1,3,home,alone,1,1,2,0,0,,0
2026-05-07,865,leisure,leisure,2,5,1,1,3,5,1,3,home,alone,1,1,2,0,0,,0
2026-05-07,885,leisure,leisure,2,5,1,1,3,5,2,3,home,alone,1,2,2,0,1,social,7
2026-05-07,905,social,social,2,5,1,1,3,5,3,3,home,friends,1,2,2,0,1,social,3
2026-05-07,925,social,social,2,5,1,1,3,5,2,3,home,friends,1,2,2,0,0,,8
2026-05-07,945,social,social,2,5,1,1,3,5,2,3,home,friends,1,2,2,0,0,,0
2026-05-07,965,dinner,meal,2,3,1,2,3,5,1,3,home,family,1,4,2,0,0,,0
2026-05-07,985,dinner,meal,2,3,1,1,2,5,1,3,home,family,1,2,2,0,0,,0
2026-05-07,1005,dinner,meal,2,3,1,1,2,5,1,3,home,family,1,4,2,0,0,,0
2026-05-07,1025,leisure,leisure,2,5,1,1,2,5,1,3,home,alone,1,2,2,0,0,,0
2026-05-07,1045,leisure,leisure,2,5,1,1,2,5,1,3,home,alone,1,2,2,0,0,,0
2026-05-07,1065,wind_down,wind_down,1,4,1,1,2,5,1,4,home,family,1,3,2,0,1,phone,10
2026-05-07,1085,wind_down,wind_down,1,4,1,1,1,5,2,3,home,family,1,3,2,0,0,,0
2026-05-07,1105,leisure,leisure,1,4,1,1,2,4,2,3,home,alone,1,4,2,0,1,phone,5
2026-05-07,1125,leisure,leisure,1,4,1,1,3,5,2,2,home,alone,1,1,2,0,0,,0
2026-05-07,1145,leisure,leisure,1,4,1,1,2,5,2,4,home,alone,1,0,2,0,1,mind_wandering,2
2026-05-07,1165,leisure,leisure,1,4,1,1,3,5,2,3,home,alone,1,2,2,0,0,,0
2026-05-07,1185,leisure,leisure,1,4,1,1,3,5,2,3,home,alone,1,0,2,0,0,,0
2026-05-07,1205,leisure,leisure,1,4,1,1,3,4,2,3,home,alone,1,2,2,0,0,,0
2026-05-07,1225,leisure,leisure,1,4,1,1,4,5,3,2,home,alone,1,2,2,0,1,phone,6
2026-05-07,1245,leisure,leisure,1,4,1,1,3,5,3,2,home,alone,1,1,2,0,1,mind_wandering,2
2026-05-07,1265,leisure,leisure,1,4,1,1,3,5,4,2,home,alone,1,0,2,0,0,,0
2026-05-07,1285,leisure,leisure,1,4,1,1,3,5,2,2,home,alone,1,3,2,0,0,,0
2026-05-07,1305,leisure,leisure,1,4,1,1,2,5,3,2,home,alone,1,0,2,0,0,,0
2026-05-07,1325,leisure,leisure,1,4,1,1,2,5,3,2,home,alone,1,0,2,0,0,,0
2026-05-07,1345,leisure,leisure,1,4,1,1,2,5,3,1,home,alone,1,0,2,0,1,snack,0
2026-05-07,1365,leisure,leisure,1,4,1,1,3,5,4,2,home,alone,1,2,2,0,0,,6
2026-05-07,1385,leisure,leisure,1,4,1,1,2,5,3,2,home,alone,1,2,2,0,1,mind_wandering,3
2026-05-07,1405,leisure,leisure,1,4,1,1,3,5,3,2,home,alone,1,1,2,0,0,,0
2026-05-07,1425,leisure,leisure,1,4,1,1,3,5,3,2,home,alone,1,0,2,0,0,,0
2026-05-07,1445,leisure,leisure,1,4,1,1,4,5,4,1,home,alone,1,0,2,0,0,,0
2026-05-08,522,morning_routine,routine,2,3,2,1,3,5,2,2,home,alone,1,1,2,0,0,,0
2026-05-08,542,morning_routine,routine,2,3,2,1,3,4,3,2,home,alone,1,5,2,0,1,snack,6
2026-05-08,562,morning_routine,routine,2,3,2,1,3,5,2,2,home,alone,1,4,2,0,0,,3
2026-05-08,583,breakfast,meal,2,3,2,1,2,5,1,3,home,family,1,3,2,0,1,social,5
2026-05-08,603,commute,commute,1,2,3,1,2,5,1,2,transit,alone,1,5,2,0,1,phone,18
2026-05-08,623,deep_work,deep_work,4,4,3,1,3,5,1,3,office,alone,1,1,2,2,0,,2
2026-05-08,643,deep_work,deep_work,4,4,3,1,3,5,1,3,office,alone,1,2,2,2,0,,0
2026-05-08,663,deep_work,deep_work,4,4,3,2,3,5,2,3,office,alone,1,6,2,2,1,mind_wandering,6
2026-05-08,683,deep_work,deep_work,4,4,3,1,3,5,2,3,office,alone,1,3,2,2,1,task_switch,5
2026-05-08,703,deep_work,deep_work,4,4,3,1,4,4,2,3,office,alone,1,4,2,2,0,,3
2026-05-08,723,deep_work,deep_work,4,4,3,1,5,4,2,4,office,alone,1,6,2,2,1,phone,9
2026-05-08,743,email_admin,admin,3,2,4,1,3,4,2,3,office,alone,1,1,2,2,1,phone,1
2026-05-08,763,email_admin,admin,3,2,4,1,3,4,2,3,office,alone,1,3,2,2,1,task_switch,10
2026-05-08,783,meeting,meeting,3,3,3,1,4,4,3,3,office,colleagues,1,1,2,2,1,social,5
2026-05-08,803,meeting,meeting,3,3,3,1,4,3,3,3,office,colleagues,1,0,2,2,1,task_switch,8
2026-05-08,823,meeting,meeting,3,3,3,1,4,4,2,3,office,colleagues,1,1,2,2,1,mind_wandering,2
2026-05-08,843,deep_work,deep_work,4,3,3,1,3,4,3,4,office,alone,1,4,2,2,1,mind_wandering,3
2026-05-08,863,deep_work,deep_work,4,3,3,2,4,3,3,4,office,alone,1,3,2,2,1,phone,15
2026-05-08,883,deep_work,deep_work,4,3,3,1,3,3,3,3,office,alone,1,3,2,2,1,mind_wandering,10
2026-05-08,903,deep_work,deep_work,4,3,3,1,4,3,2,4,office,alone,1,4,2,2,1,phone,5
2026-05-08,923,lunch,meal,2,4,2,1,3,3,1,3,cafe,colleagues,1,4,2,0,1,social,13
2026-05-08,943,lunch,meal,2,4,2,1,3,4,1,4,cafe,colleagues,1,0,2,0,1,social,8
2026-05-08,963,meeting,meeting,4,3,3,1,3,4,1,3,office,colleagues,1,3,2,2,1,phone,9
2026-05-08,983,meeting,meeting,4,3,3,1,4,4,1,4,office,colleagues,1,2,2,2,1,phone,6
2026-05-08,1003,meeting,meeting,4,3,3,1,3,3,1,4,office,colleagues,1,1,2,2,1,snack,9
2026-05-08,1023,deep_work,deep_work,4,3,3,1,4,3,1,3,office,alone,1,4,2,2,1,mind_wandering,6
2026-05-08,1043,deep_work,deep_work,4,3,3,1,4,3,2,3,office,alone,1,3,2,2,1,phone,8
2026-05-08,1063,deep_work,deep_work,4,3,3,1,5,3,2,3,office,alone,1,2,2,2,1,mind_wandering,3
2026-05-08,1083,deep_work,deep_work,4,3,3,1,5,3,1,3,office,alone,1,2,2,2,1,snack,8
2026-05-08,1103,deep_work,deep_work,4,3,3,1,4,2,1,3,office,alone,1,2,2,2,1,task_switch,8
2026-05-08,1122,short_break,break,2,3,2,1,4,3,2,3,office,colleagues,1,4,2,0,1,phone,8
2026-05-08,1143,email_admin,admin,2,2,4,1,4,3,1,3,office,alone,1,1,2,2,1,mind_wandering,7
2026-05-08,1163,commute,commute,2,2,3,2,3,2,1,3,transit,alone,1,2,2,0,1,task_switch,1
2026-05-08,1183,commute,commute,2,2,3,3,3,3,2,3,transit,alone,1,0,2,0,0,,10
2026-05-08,1203,exercise,exercise,3,4,2,2,4,3,2,3,gym,alone,1,1,2,0,0,,0
2026-05-08,1223,exercise,exercise,3,4,2,1,3,3,2,2,gym,alone,1,2,2,0,1,task_switch,6
2026-05-08,1243,exercise,exercise,3,4,2,2,3,3,2,3,gym,alone,1,2,2,0,1,mind_wandering,4
2026-05-08,1263,dinner,meal,2,3,1,1,3,4,1,3,home,family,1,1,2,0,1,social,12
2026-05-08,1283,dinner,meal,2,3,1,1,2,4,1,2,home,family,1,1,2,0,0,,1
2026-05-08,1303,leisure,leisure,2,4,1,1,3,4,1,2,home,alone,1,2,2,0,1,phone,8
2026-05-08,1323,leisure,leisure,2,4,1,1,4,4,1,2,home,alone,1,0,2,0,0,,0
2026-05-08,1343,social,social,2,4,2,1,2,5,1,2,home,friends,1,0,2,0,0,,0
2026-05-08,1363,social,social,2,4,2,1,3,4,1,2,home,friends,1,0,2,0,0,,0
2026-05-08,1383,social,social,2,4,2,1,3,4,1,1,home,friends,1,1,2,0,0,,0
2026-05-08,1403,wind_down,wind_down,2,4,1,1,2,5,2,2,home,family,1,0,2,0,0,,0
2026-05-09,516,morning_routine,routine,1,3,2,1,3,4,2,3,home,alone,1,2,2,0,1,phone,3
2026-05-09,536,morning_routine,routine,1,3,2,1,3,5,2,2,home,alone,1,1,2,0,0,,0
2026-05-09,556,morning_routine,routine,1,3,2,1,3,5,3,2,home,alone,1,4,2,0,1,mind_wandering,5
2026-05-09,576,breakfast,meal,1,3,2,1,3,5,2,2,home,family,1,5,2,0,1,mind_wandering,10
2026-05-09,596,commute,commute,1,1,3,1,3,5,1,3,transit,alone,1,3,2,0,1,phone,10
2026-05-09,616,deep_work,deep_work,5,3,3,1,3,5,1,4,office,alone,1,2,2,2,1,mind_wandering,7
2026-05-09,636,deep_work,deep_work,5,3,3,1,4,5,1,3,office,alone,1,2,2,2,1,mind_wandering,6
2026-05-09,656,deep_work,deep_work,5,3,3,2,4,5,2,3,office,alone,1,1,2,2,0,,0
2026-05-09,676,short_break,break,1,3,1,1,3,5,1,3,office,colleagues,1,8,2,0,1,task_switch,11
2026-05-09,696,email_admin,admin,3,2,4,1,4,5,2,3,office,alone,1,2,2,2,1,snack,8
2026-05-09,716,meeting,meeting,4,2,3,2,3,4,1,3,office,colleagues,1,5,2,2,1,phone,2
2026-05-09,736,deep_work,deep_work,5,4,3,2,4,4,2,3,office,alone,1,2,2,2,1,mind_wandering,6
2026-05-09,756,deep_work,deep_work,5,4,3,1,4,3,2,3,office,alone,1,2,2,2,1,snack,8
2026-05-09,776,deep_work,deep_work,5,4,3,1,4,4,2,3,office,alone,1,2,2,2,1,snack,14
2026-05-09,796,deep_work,deep_work,5,4,3,1,4,4,1,3,office,alone,1,5,2,2,1,mind_wandering,8
2026-05-09,816,deep_work,deep_work,5,4,3,1,5,3,1,4,office,alone,1,1,2,2,0,,2
2026-05-09,837,lunch,meal,2,3,2,1,4,4,1,3,cafe,colleagues,1,1,2,0,0,,0
2026-05-09,857,lunch,meal,2,3,2,1,3,4,1,4,cafe,colleagues,1,3,2,0,1,snack,4
2026-05-09,877,meeting,meeting,3,3,4,1,3,4,1,3,office,colleagues,0,5,2,2,1,mind_wandering,4
2026-05-09,897,deep_work,deep_work,4,3,3,1,3,4,1,3,office,alone,1,5,2,2,1,mind_wandering,8
2026-05-09,917,deep_work,deep_work,4,3,3,1,3,4,2,3,office,alone,1,6,2,2,1,social,11
2026-05-09,937,deep_work,deep_work,4,3,3,1,4,3,2,3,office,alone,1,4,2,2,1,phone,2
2026-05-09,956,email_admin,admin,3,2,4,1,3,4,2,3,office,alone,1,1,2,2,1,mind_wandering,4
2026-05-09,976,email_admin,admin,3,2,4,2,4,4,2,3,office,alone,1,7,2,2,1,phone,13
2026-05-09,996,commute,commute,1,1,3,1,3,3,1,3,transit,alone,1,1,2,0,0,,6
2026-05-09,1016,commute,commute,1,1,3,2,3,3,1,3,transit,alone,1,2,2,0,1,mind_wandering,9
2026-05-09,1037,exercise,exercise,3,4,2,1,3,3,1,4,gym,alone,1,2,2,0,1,snack,2
2026-05-09,1057,exercise,exercise,3,4,2,1,3,4,1,4,gym,alone,1,3,2,0,1,social,9
2026-05-09,1077,exercise,exercise,3,4,2,1,3,4,1,4,gym,alone,1,2,2,0,1,phone,14
2026-05-09,1097,dinner,meal,1,3,2,1,2,5,1,3,home,family,1,1,2,0,0,,6
2026-05-09,1117,dinner,meal,1,3,2,1,3,4,1,3,home,family,1,3,2,0,0,,0
2026-05-09,1137,leisure,leisure,1,4,2,1,3,5,1,3,home,alone,1,2,2,0,1,phone,6
2026-05-09,1157,leisure,leisure,1,4,2,1,2,5,1,3,home,alone,1,0,2,0,0,,2
2026-05-09,1177,social,social,2,4,2,1,3,5,1,3,home,friends,1,1,2,0,0,,0
2026-05-09,1197,social,social,2,4,2,1,3,5,2,3,home,friends,1,0,2,0,0,,0
2026-05-09,1217,social,social,2,4,2,1,3,5,1,3,home,friends,1,2,2,0,0,,0
2026-05-09,1237,wind_down,wind_down,1,4,2,2,2,5,2,2,home,family,1,1,2,0,1,social,2
2026-05-09,1257,leisure,leisure,1,4,1,1,2,5,2,2,home,alone,1,1,2,0,0,,9
2026-05-09,1277,leisure,leisure,1,4,1,1,3,5,2,2,home,alone,1,2,2,0,0,,0
2026-05-09,1297,leisure,leisure,1,4,1,1,3,5,2,1,home,alone,1,2,2,0,1,mind_wandering,3
2026-05-09,1317,leisure,leisure,1,4,1,1,4,5,2,3,home,alone,1,0,2,0,0,,0
2026-05-09,1337,leisure,leisure,1,4,1,1,3,5,3,2,home,alone,1,0,2,0,0,,0
2026-05-09,1357,leisure,leisure,1,4,1,1,4,5,2,2,home,alone,1,0,2,0,0,,0
2026-05-09,1377,leisure,leisure,1,4,1,1,4,5,3,2,home,alone,1,0,2,0,0,,0
2026-05-10,477,morning_routine,routine,2,2,2,1,4,5,3,2,home,alone,1,3,2,0,1,mind_wandering,1
2026-05-10,497,morning_routine,routine,2,2,2,1,2,5,2,3,home,alone,1,1,2,0,0,,0
2026-05-10,517,morning_routine,routine,2,2,2,1,2,5,3,2,home,alone,1,1,2,0,0,,0
2026-05-10,537,breakfast,meal,2,3,2,1,3,5,1,2,home,family,1,3,2,0,1,social,12
2026-05-10,557,commute,commute,2,2,3,1,2,5,1,3,transit,alone,1,4,2,0,1,phone,0
2026-05-10,577,deep_work,deep_work,4,4,3,2,1,5,1,3,office,alone,1,5,2,2,0,,7
2026-05-10,597,deep_work,deep_work,4,4,3,1,3,5,2,3,office,alone,1,5,2,2,1,phone,8
2026-05-10,617,deep_work,deep_work,4,4,3,1,4,5,1,3,office,alone,1,3,2,2,0,,0
2026-05-10,637,deep_work,deep_work,4,4,3,2,4,4,1,2,office,alone,1,6,2,2,1,task_switch,7
2026-05-10,657,deep_work,deep_work,4,4,3,1,3,4,2,3,office,alone,1,4,2,2,1,social,13
2026-05-10,677,short_break,break,1,4,2,1,4,4,1,2,office,colleagues,1,1,2,0,1,task_switch,10
2026-05-10,697,email_admin,admin,3,2,4,1,3,4,2,3,office,alone,0,3,2,2,1,social,7
2026-05-10,717,meeting,meeting,3,2,3,1,3,4,2,3,office,colleagues,1,2,2,2,1,mind_wandering,5
2026-05-10,737,meeting,meeting,3,2,3,1,4,4,2,2,office,colleagues,1,2,2,2,1,task_switch,8
2026-05-10,757,meeting,meeting,3,2,3,1,4,4,2,3,office,colleagues,1,4,2,2,1,social,8
2026-05-10,777,deep_work,deep_work,4,3,3,2,4,3,2,3,office,alone,1,4,2,2,1,mind_wandering,6
2026-05-10,797,deep_work,deep_work,4,3,3,1,4,3,3,3,office,alone,1,3,2,2,1,snack,8
2026-05-10,817,deep_work,deep_work,4,3,3,1,3,3,2,3,office,alone,1,4,2,2,1,phone,17
2026-05-10,837,deep_work,deep_work,4,3,3,1,4,3,2,3,office,alone,1,3,2,2,1,mind_wandering,4
2026-05-10,857,lunch,meal,2,3,1,1,3,4,1,3,cafe,colleagues,1,2,2,0,1,mind_wandering,2
2026-05-10,877,lunch,meal,2,3,1,1,3,5,1,3,cafe,colleagues,1,1,2,0,1,mind_wandering,1
2026-05-10,897,meeting,meeting,3,2,3,1,3,4,1,3,office,colleagues,1,7,2,2,1,phone,10
2026-05-10,917,meeting,meeting,3,2,3,1,2,4,2,3,office,colleagues,1,3,2,2,1,phone,14
2026-05-10,937,deep_work,deep_work,4,3,2,2,3,4,1,4,office,alone,1,0,2,2,0,,3
2026-05-10,957,deep_work,deep_work,4,3,2,2,4,3,2,3,office,alone,1,2,2,2,1,mind_wandering,2
2026-05-10,977,deep_work,deep_work,4,3,2,1,3,3,2,3,office,alone,1,2,2,2,1,snack,6
2026-05-10,997,deep_work,deep_work,4,3,2,1,3,3,1,3,office,alone,1,1,2,2,1,mind_wandering,3
2026-05-10,1017,deep_work,deep_work,4,3,2,2,4,3,1,4,office,alone,1,5,2,2,1,social,5
2026-05-10,1036,email_admin,admin,2,2,4,1,3,3,1,3,office,alone,1,4,2,2,1,mind_wandering,9
2026-05-10,1056,email_admin,admin,2,2,4,1,3,3,2,4,office,alone,1,8,2,2,1,task_switch,7
2026-05-10,1077,commute,commute,2,2,3,1,3,3,1,3,transit,alone,1,2,2,0,1,phone,8
2026-05-10,1097,commute,commute,2,2,3,1,3,3,2,3,transit,alone,1,4,2,0,1,snack,11
2026-05-10,1116,exercise,exercise,3,4,2,1,3,3,1,2,gym,alone,1,5,2,0,1,phone,16
2026-05-10,1136,exercise,exercise,3,4,2,1,3,3,1,3,gym,alone,1,3,2,0,1,mind_wandering,14
2026-05-10,1156,exercise,exercise,3,4,2,1,3,3,1,3,gym,alone,1,2,2,0,1,mind_wandering,2
2026-05-10,1177,dinner,meal,2,3,1,1,3,3,1,3,home,family,1,1,2,0,1,task_switch,6
2026-05-10,1197,dinner,meal,2,3,1,1,3,5,2,3,home,family,1,0,2,0,0,,0
2026-05-10,1216,leisure,leisure,1,4,1,1,3,5,1,2,home,alone,1,2,2,0,1,task_switch,7
2026-05-10,1236,leisure,leisure,1,4,1,1,2,5,1,2,home,alone,1,1,2,0,0,,0
2026-05-10,1256,leisure,leisure,1,4,1,1,3,5,1,2,home,alone,1,2,2,0,0,,0
2026-05-10,1276,social,social,2,4,1,1,2,5,2,3,home,friends,1,1,2,0,0,,0
2026-05-10,1296,social,social,2,4,1,1,4,5,2,2,home,friends,1,0,2,0,1,social,18
2026-05-10,1316,social,social,2,4,1,1,2,4,1,1,home,friends,1,1,2,0,1,social,12
2026-05-10,1337,wind_down,wind_down,1,4,1,1,3,5,1,2,home,family,1,1,2,0,1,snack,7
2026-05-10,1357,wind_down,wind_down,1,4,1,1,3,4,1,1,home,family,1,1,2,0,1,mind_wandering,1
2026-05-10,1377,leisure,leisure,1,4,1,1,4,5,2,2,home,alone,1,0,2,0,1,mind_wandering,4
2026-05-11,543,morning_routine,routine,2,2,2,2,4,3,2,2,home,alone,1,3,4,0,0,,0
2026-05-11,563,morning_routine,routine,2,2,2,1,4,4,3,2,home,alone,1,5,4,0,1,phone,9
2026-05-11,583,morning_routine,routine,2,2,2,2,5,5,3,3,home,alone,1,4,4,0,1,task_switch,3
2026-05-11,603,breakfast,meal,2,3,2,1,4,5,1,3,home,family,1,4,4,0,0,,0
2026-05-11,623,commute,commute,2,2,3,1,4,5,1,2,transit,alone,1,2,4,0,1,task_switch,4
2026-05-11,643,deep_work,deep_work,5,3,4,1,4,5,1,3,office,alone,1,4,4,4,1,task_switch,6
2026-05-11,663,deep_work,deep_work,5,3,4,1,4,5,1,3,office,alone,1,2,4,4,1,mind_wandering,8
2026-05-11,683,deep_work,deep_work,5,3,4,1,4,4,1,3,office,alone,1,3,4,4,1,task_switch,4
2026-05-11,703,short_break,break,2,3,1,1,5,5,2,3,office,colleagues,1,3,4,0,1,task_switch,3
2026-05-11,723,email_admin,admin,3,2,5,1,5,4,1,3,office,alone,1,7,4,4,1,mind_wandering,11
2026-05-11,743,meeting,meeting,4,2,4,1,4,4,2,3,office,colleagues,1,3,4,4,1,task_switch,12
2026-05-11,763,meeting,meeting,4,2,4,1,5,4,2,3,office,colleagues,1,4,4,4,1,mind_wandering,9
2026-05-11,783,meeting,meeting,4,2,4,1,5,4,2,3,office,colleagues,1,2,4,4,1,task_switch,0
2026-05-11,802,deep_work,deep_work,4,4,3,1,5,4,2,3,office,alone,1,3,4,4,1,task_switch,12
2026-05-11,822,deep_work,deep_work,4,4,3,1,5,3,2,4,office,alone,1,0,4,4,0,,5
2026-05-11,842,deep_work,deep_work,4,4,3,1,5,4,3,3,office,alone,1,2,4,4,1,mind_wandering,4
2026-05-11,862,deep_work,deep_work,4,4,3,2,4,4,3,4,office,alone,1,5,4,4,1,task_switch,5
2026-05-11,883,lunch,meal,1,4,1,2,4,4,2,4,cafe,colleagues,1,2,4,0,1,mind_wandering,7
2026-05-11,903,lunch,meal,1,4,1,1,4,3,1,3,cafe,colleagues,1,2,4,0,1,task_switch,0
2026-05-11,922,meeting,meeting,4,2,3,2,4,4,1,3,office,colleagues,1,2,4,4,1,mind_wandering,11
2026-05-11,942,meeting,meeting,4,2,3,1,4,3,1,4,office,colleagues,1,7,4,4,1,task_switch,9
2026-05-11,962,deep_work,deep_work,4,3,3,1,5,4,2,4,office,alone,1,3,4,4,1,snack,7
2026-05-11,982,deep_work,deep_work,4,3,3,1,5,3,1,3,office,alone,1,3,4,4,1,snack,12
2026-05-11,1002,deep_work,deep_work,4,3,3,2,5,3,1,3,office,alone,1,1,4,4,1,task_switch,10
2026-05-11,1022,deep_work,deep_work,4,3,3,1,5,4,1,3,office,alone,1,1,4,4,0,,3
2026-05-11,1042,email_admin,admin,3,2,4,2,5,3,2,3,office,alone,0,2,4,4,1,task_switch,6
2026-05-11,1062,commute,commute,2,2,3,2,5,4,2,3,transit,alone,1,1,4,0,1,task_switch,5
2026-05-11,1082,commute,commute,2,2,3,2,4,3,2,3,transit,alone,1,3,4,0,1,mind_wandering,8
2026-05-11,1102,exercise,exercise,3,4,2,1,4,3,1,3,gym,alone,1,3,4,0,0,,10
2026-05-11,1122,exercise,exercise,3,4,2,1,4,4,2,3,gym,alone,1,4,4,0,1,task_switch,6
2026-05-11,1142,exercise,exercise,3,4,2,1,3,4,2,3,gym,alone,1,0,4,0,1,task_switch,5
2026-05-11,1162,dinner,meal,1,3,2,1,3,3,1,3,home,family,1,1,4,0,0,,0
2026-05-11,1182,dinner,meal,1,3,2,1,4,4,1,3,home,family,1,2,4,0,1,mind_wandering,3
2026-05-11,1202,dinner,meal,1,3,2,1,5,5,1,3,home,family,1,2,4,0,0,,0
2026-05-11,1222,leisure,leisure,1,4,1,1,4,5,1,3,home,alone,1,0,4,0,0,,0
2026-05-11,1242,leisure,leisure,1,4,1,2,4,4,1,2,home,alone,1,1,4,0,0,,0
2026-05-11,1262,leisure,leisure,1,4,1,1,5,5,2,2,home,alone,1,0,4,0,0,,0
2026-05-11,1282,social,social,2,4,2,1,5,5,1,2,home,friends,1,4,4,0,1,social,5
2026-05-11,1302,social,social,2,4,2,1,5,5,2,1,home,friends,1,4,4,0,1,phone,7
2026-05-11,1322,social,social,2,4,2,1,4,5,2,2,home,friends,1,0,4,0,1,phone,5
2026-05-11,1342,social,social,2,4,2,1,4,5,1,1,home,friends,1,0,4,0,0,,9
2026-05-11,1363,wind_down,wind_down,1,4,2,1,3,5,2,2,home,family,1,0,4,0,0,,0
2026-05-11,1383,wind_down,wind_down,1,4,2,1,4,5,2,2,home,family,1,0,4,0,0,,0
2026-05-11,1402,leisure,leisure,1,4,1,1,4,5,2,2,home,alone,1,1,4,0,0,,0
2026-05-12,532,morning_routine,routine,2,3,2,1,3,4,2,2,home,alone,1,2,2,0,1,social,6
2026-05-12,552,morning_routine,routine,2,3,2,1,3,5,2,2,home,alone,1,3,2,0,1,task_switch,7
2026-05-12,572,morning_routine,routine,2,3,2,1,3,4,3,3,home,alone,1,3,2,0,0,,0
2026-05-12,591,breakfast,meal,2,4,2,1,3,5,1,3,home,family,1,2,2,0,1,mind_wandering,3
2026-05-12,612,commute,commute,1,1,3,2,3,5,1,3,transit,alone,1,1,2,0,0,,0
2026-05-12,632,deep_work,deep_work,5,3,3,2,3,5,2,3,office,alone,1,2,2,2,1,phone,4
2026-05-12,652,deep_work,deep_work,5,3,3,2,2,4,1,3,office,alone,1,0,2,2,1,mind_wandering,6
2026-05-12,672,deep_work,deep_work,5,3,3,1,4,5,1,3,office,alone,1,2,2,2,0,,0
2026-05-12,692,deep_work,deep_work,5,3,3,2,3,5,1,3,office,alone,1,3,2,2,1,mind_wandering,3
2026-05-12,711,short_break,break,1,4,2,1,3,5,2,3,office,colleagues,1,6,2,0,0,,18
2026-05-12,731,email_admin,admin,2,2,4,1,3,4,2,3,office,alone,0,4,2,2,1,mind_wandering,2
2026-05-12,751,meeting,meeting,3,3,4,1,4,5,2,3,office,colleagues,0,3,2,2,1,mind_wandering,7
2026-05-12,771,meeting,meeting,3,3,4,1,3,4,2,3,office,colleagues,0,3,2,2,1,mind_wandering,7
2026-05-12,791,deep_work,deep_work,4,4,3,1,4,5,2,3,office,alone,1,3,2,2,1,social,12
2026-05-12,811,deep_work,deep_work,4,4,3,1,4,4,3,4,office,alone,1,5,2,2,1,task_switch,0
2026-05-12,831,deep_work,deep_work,4,4,3,1,4,3,2,3,office,alone,1,1,2,2,1,snack,10
2026-05-12,851,lunch,meal,2,3,1,1,3,4,1,3,cafe,colleagues,1,5,2,0,1,social,15
2026-05-12,871,lunch,meal,2,3,1,1,3,4,1,3,cafe,colleagues,1,7,2,0,1,phone,11
2026-05-12,891,meeting,meeting,3,3,3,1,3,4,1,4,office,colleagues,1,0,2,2,0,,3
2026-05-12,911,meeting,meeting,3,3,3,2,4,3,1,4,office,colleagues,1,3,2,2,1,task_switch,7
2026-05-12,931,deep_work,deep_work,4,3,3,1,4,4,2,3,office,alone,0,6,2,2,1,task_switch,6
2026-05-12,951,deep_work,deep_work,4,3,3,1,4,4,1,4,office,alone,0,1,2,2,0,,0
2026-05-12,971,deep_work,deep_work,4,3,3,2,3,4,2,4,office,alone,0,4,2,2,1,social,9
2026-05-12,991,email_admin,admin,3,2,4,2,4,4,1,3,office,alone,1,4,2,2,1,phone,9
2026-05-12,1011,email_admin,admin,3,2,4,1,4,4,2,4,office,alone,1,2,2,2,1,mind_wandering,2
2026-05-12,1031,commute,commute,1,2,3,1,3,3,2,2,transit,alone,1,0,2,0,1,phone,10
2026-05-12,1051,commute,commute,1,2,3,2,3,3,2,3,transit,alone,1,5,2,0,1,mind_wandering,9
2026-05-12,1070,exercise,exercise,3,4,2,2,3,4,2,3,gym,alone,1,3,2,0,1,social,4
2026-05-12,1090,exercise,exercise,3,4,2,1,3,4,3,3,gym,alone,1,1,2,0,0,,0
2026-05-12,1110,exercise,exercise,3,4,2,1,3,5,2,2,gym,alone,1,3,2,0,0,,0
2026-05-12,1131,dinner,meal,2,4,1,2,3,4,2,3,home,family,1,0,2,0,0,,0
2026-05-12,1151,dinner,meal,2,4,1,1,3,4,1,3,home,family,1,0,2,0,0,,0
2026-05-12,1171,leisure,leisure,1,4,2,1,3,5,1,3,home,alone,1,3,2,0,0,,0
2026-05-12,1191,leisure,leisure,1,4,2,1,2,5,1,3,home,alone,1,3,2,0,0,,0
2026-05-12,1211,social,social,2,4,2,1,2,5,2,3,home,friends,1,1,2,0,1,phone,3
2026-05-12,1231,social,social,2,4,2,1,3,5,1,3,home,friends,1,4,2,0,0,,0
2026-05-12,1252,wind_down,wind_down,2,4,1,1,3,5,2,2,home,family,1,2,2,0,1,social,8
2026-05-12,1272,wind_down,wind_down,2,4,1,2,2,5,1,2,home,family,1,5,2,0,0,,0
2026-05-12,1292,wind_down,wind_down,2,4,1,1,2,5,2,2,home,family,1,2,2,0,1,mind_wandering,3
2026-05-12,1311,leisure,leisure,1,4,1,1,3,5,3,2,home,alone,1,1,2,0,1,phone,5
2026-05-12,1331,leisure,leisure,1,4,1,1,2,4,2,2,home,alone,1,0,2,0,0,,0
2026-05-12,1351,leisure,leisure,1,4,1,1,2,5,2,2,home,alone,1,0,2,0,0,,0
2026-05-12,1371,leisure,leisure,1,4,1,1,2,5,3,1,home,alone,1,0,2,0,0,,0
2026-05-12,1391,leisure,leisure,1,4,1,1,3,5,3,2,home,alone,1,2,2,0,0,,0
2026-05-12,1411,leisure,leisure,1,4,1,1,3,5,2,1,home,alone,1,0,2,0,1,mind_wandering,2
2026-05-13,548,morning_routine,routine,2,3,2,1,3,4,2,2,home,alone,1,0,2,0,0,,0
2026-05-13,568,morning_routine,routine,2,3,2,1,3,4,3,2,home,alone,1,6,2,0,1,phone,6
2026-05-13,588,breakfast,meal,2,3,2,1,3,4,1,3,home,family,1,0,2,0,1,social,13
2026-05-13,608,leisure,leisure,1,4,1,1,3,5,1,3,home,alone,1,1,2,0,0,,0
2026-05-13,628,leisure,leisure,1,4,1,1,3,4,1,3,home,alone,1,4,2,0,1,phone,4
2026-05-13,648,leisure,leisure,1,4,1,2,2,5,2,3,home,alone,1,2,2,0,1,snack,7
2026-05-13,668,errands,errands,2,2,3,1,2,5,1,3,outdoors,alone,1,2,2,0,1,task_switch,10
2026-05-13,688,errands,errands,2,2,3,1,2,4,1,4,outdoors,alone,1,3,2,0,1,phone,6
2026-05-13,708,exercise,exercise,3,3,2,1,2,5,2,4,gym,alone,1,3,2,0,1,mind_wandering,4
2026-05-13,728,exercise,exercise,3,3,2,1,2,5,1,3,gym,alone,1,5,2,0,0,,0
2026-05-13,748,exercise,exercise,3,3,2,1,2,5,2,3,gym,alone,1,6,2,0,0,,0
2026-05-13,768,exercise,exercise,3,3,2,1,2,5,2,3,gym,alone,1,4,2,0,1,task_switch,6
2026-05-13,788,lunch,meal,1,3,2,2,3,5,1,3,cafe,colleagues,1,2,2,0,1,mind_wandering,8
2026-05-13,808,chores,chores,2,2,3,1,3,5,1,3,home,alone,1,5,2,0,0,,3
2026-05-13,828,chores,chores,2,2,3,2,2,5,2,3,home,alone,1,3,2,0,1,phone,7
2026-05-13,848,chores,chores,2,2,3,2,3,5,1,4,home,alone,1,3,2,0,1,mind_wandering,3
2026-05-13,868,leisure,leisure,2,4,1,1,3,5,1,4,home,alone,1,4,2,0,1,phone,8
2026-05-13,888,leisure,leisure,2,4,1,1,2,5,2,3,home,alone,1,3,2,0,0,,0
2026-05-13,908,social,social,2,4,2,1,3,5,1,4,home,friends,1,4,2,0,0,,0
2026-05-13,928,social,social,2,4,2,1,3,5,2,3,home,friends,1,4,2,0,1,social,4
2026-05-13,948,social,social,2,4,2,1,3,5,2,4,home,friends,1,5,2,0,0,,7
2026-05-13,968,social,social,2,4,2,1,4,5,2,4,home,friends,1,2,2,0,0,,0
2026-05-13,988,dinner,meal,1,4,2,1,3,4,1,3,home,family,1,4,2,0,0,,0
2026-05-13,1008,leisure,leisure,1,4,2,1,2,5,1,3,home,alone,1,3,2,0,0,,0
2026-05-13,1028,leisure,leisure,1,4,2,1,2,5,1,3,home,alone,1,6,2,0,1,mind_wandering,4
2026-05-13,1048,leisure,leisure,1,4,2,1,2,5,1,3,home,alone,1,4,2,0,0,,0
2026-05-13,1068,wind_down,wind_down,1,4,2,2,3,5,1,4,home,family,1,5,2,0,1,mind_wandering,2
2026-05-13,1088,wind_down,wind_down,1,4,2,1,2,5,2,3,home,family,1,2,2,0,1,phone,15
2026-05-13,1108,wind_down,wind_down,1,4,2,1,2,5,2,3,home,family,1,4,2,0,1,phone,7
2026-05-13,1127,leisure,leisure,1,4,1,1,3,5,1,3,home,alone,1,3,2,0,1,phone,8
2026-05-13,1147,leisure,leisure,1,4,1,1,4,5,2,2,home,alone,1,2,2,0,1,phone,8
2026-05-13,1167,leisure,leisure,1,4,1,1,3,5,2,3,home,alone,1,0,2,0,1,social,7
2026-05-13,1187,leisure,leisure,1,4,1,1,3,5,2,3,home,alone,1,0,2,0,0,,0
2026-05-13,1207,leisure,leisure,1,4,1,1,3,5,1,3,home,alone,1,2,2,0,0,,0
2026-05-13,1227,leisure,leisure,1,4,1,1,3,5,2,3,home,alone,1,0,2,0,0,,0
2026-05-13,1247,leisure,leisure,1,4,1,1,3,5,3,2,home,alone,1,0,2,0,0,,0
2026-05-13,1267,leisure,leisure,1,4,1,1,3,5,2,3,home,alone,1,1,2,0,1,phone,12
2026-05-13,1287,leisure,leisure,1,4,1,1,2,5,3,3,home,alone,1,4,2,0,0,,0
2026-05-13,1307,leisure,leisure,1,4,1,2,2,5,3,2,home,alone,1,0,2,0,0,,0
2026-05-13,1327,leisure,leisure,1,4,1,1,3,5,3,2,home,alone,1,0,2,0,0,,0
2026-05-13,1347,leisure,leisure,1,4,1,1,3,5,3,2,home,alone,1,1,2,0,1,phone,6
2026-05-13,1367,leisure,leisure,1,4,1,1,2,4,3,2,home,alone,1,1,2,0,0,,0
2026-05-13,1387,leisure,leisure,1,4,1,1,3,5,3,1,home,alone,1,0,2,0,1,phone,3
2026-05-13,1407,leisure,leisure,1,4,1,1,4,5,3,2,home,alone,1,0,2,0,0,,0
2026-05-13,1427,leisure,leisure,1,4,1,2,2,5,3,1,home,alone,1,0,2,0,0,,0
2026-05-14,571,morning_routine,routine,1,3,2,1,3,4,2,2,home,alone,1,1,2,0,0,,0
2026-05-14,591,morning_routine,routine,1,3,2,1,3,4,2,3,home,alone,1,3,2,0,0,,0
2026-05-14,611,morning_routine,routine,1,3,2,1,4,5,3,3,home,alone,1,3,2,0,0,,0
2026-05-14,631,breakfast,meal,2,3,1,1,3,5,1,3,home,family,1,4,2,0,1,social,6
2026-05-14,651,leisure,leisure,2,4,2,1,3,5,1,3,home,alone,1,3,2,0,0,,0
2026-05-14,671,leisure,leisure,2,4,2,1,2,5,1,4,home,alone,1,0,2,0,1,task_switch,4
2026-05-14,691,errands,errands,2,2,4,1,2,5,1,3,outdoors,alone,1,6,2,0,0,,3
2026-05-14,711,errands,errands,2,2,4,2,2,5,2,3,outdoors,alone,1,7,2,0,1,mind_wandering,5
2026-05-14,731,exercise,exercise,3,4,2,2,3,5,2,3,gym,alone,1,1,2,0,0,,0
2026-05-14,751,exercise,exercise,3,4,2,1,2,5,2,4,gym,alone,1,4,2,0,1,phone,8
2026-05-14,771,exercise,exercise,3,4,2,1,3,5,2,3,gym,alone,1,0,2,0,0,,0
2026-05-14,791,lunch,meal,2,4,1,1,3,5,1,3,cafe,colleagues,1,3,2,0,1,social,6
2026-05-14,811,lunch,meal,2,4,1,1,3,5,2,4,cafe,colleagues,1,0,2,0,1,phone,7
2026-05-14,831,lunch,meal,2,4,1,1,2,4,2,4,cafe,colleagues,1,3,2,0,1,phone,7
2026-05-14,851,chores,chores,2,2,4,1,3,5,1,4,home,alone,1,4,2,0,0,,7
2026-05-14,871,leisure,leisure,2,5,1,1,3,5,1,4,home,alone,1,5,2,0,1,task_switch,5
2026-05-14,891,leisure,leisure,2,5,1,1,3,5,1,3,home,alone,1,3,2,0,0,,0
2026-05-14,911,social,social,2,4,2,1,3,5,2,3,home,friends,1,3,2,0,0,,0
2026-05-14,931,social,social,2,4,2,1,3,5,2,3,home,friends,1,4,2,0,0,,0
2026-05-14,951,social,social,2,4,2,2,2,5,2,4,home,friends,1,1,2,0,0,,0
2026-05-14,971,dinner,meal,1,3,2,1,3,5,1,4,home,family,1,2,2,0,0,,0
2026-05-14,991,dinner,meal,1,3,2,1,3,4,2,4,home,family,1,1,2,0,0,,0
2026-05-14,1011,leisure,leisure,1,4,1,1,3,5,1,3,home,alone,1,2,2,0,0,,0
2026-05-14,1031,leisure,leisure,1,4,1,1,4,5,1,4,home,alone,1,1,2,0,0,,0
2026-05-14,1051,wind_down,wind_down,2,4,2,1,4,5,1,4,home,family,1,6,2,0,0,,0
2026-05-14,1071,wind_down,wind_down,2,4,2,1,2,5,1,4,home,family,1,8,2,0,1,phone,3
2026-05-14,1091,wind_down,wind_down,2,4,2,2,3,5,1,3,home,family,1,5,2,0,1,phone,6
2026-05-14,1111,leisure,leisure,1,4,1,1,2,5,2,3,home,alone,1,1,2,0,1,task_switch,2
2026-05-14,1131,leisure,leisure,1,4,1,1,3,5,2,4,home,alone,1,2,2,0,0,,1
2026-05-14,1151,leisure,leisure,1,4,1,1,3,5,2,3,home,alone,1,0,2,0,1,task_switch,0
2026-05-14,1171,leisure,leisure,1,4,1,1,3,5,2,4,home,alone,1,1,2,0,0,,9
2026-05-14,1191,leisure,leisure,1,4,1,1,3,5,3,3,home,alone,1,0,2,0,1,phone,0
2026-05-14,1211,leisure,leisure,1,4,1,1,3,5,3,2,home,alone,1,2,2,0,0,,4
2026-05-14,1231,leisure,leisure,1,4,1,1,2,5,2,3,home,alone,1,1,2,0,0,,0
2026-05-14,1251,leisure,leisure,1,4,1,1,3,5,3,3,home,alone,1,3,2,0,0,,0
2026-05-14,1271,leisure,leisure,1,4,1,1,3,5,3,2,home,alone,1,0,2,0,0,,0
2026-05-14,1291,leisure,leisure,1,4,1,1,3,5,3,3,home,alone,1,1,2,0,0,,0
2026-05-14,1311,leisure,leisure,1,4,1,1,3,5,3,2,home,alone,1,0,2,0,0,,0
2026-05-14,1331,leisure,leisure,1,4,1,1,3,5,3,2,home,alone,1,0,2,0,0,,0
2026-05-14,1351,leisure,leisure,1,4,1,1,2,5,4,2,home,alone,1,1,2,0,1,snack,6
2026-05-14,1371,leisure,leisure,1,4,1,1,3,5,3,2,home,alone,1,1,2,0,0,,0
2026-05-14,1391,leisure,leisure,1,4,1,1,3,5,3,2,home,alone,1,3,2,0,1,phone,4
2026-05-14,1411,leisure,leisure,1,4,1,2,3,5,2,1,home,alone,1,0,2,0,0,,0
2026-05-14,1431,leisure,leisure,1,4,1,1,2,4,4,1,home,alone,1,0,2,0,1,mind_wandering,8
